0.33,maeda
0.32,maeda
0.36,maeda
0.33,maeda
0.33,maeda
0.39,maeda
0.46,maeda
0.35,maeda
0.34,maeda
0.28,maeda
0.41,maeda
0.31,maeda
0.37,maeda
0.51,diego
0.5,maeda
0.35,maeda
0.42,Monieer
0.41,maeda
0.41,maeda
0.35,maeda
0.39,maeda
0.36,maeda
0.4,maeda
0.32,maeda
0.4,maeda
0.33,maeda
0.45,maeda
0.58,maeda
0.45,maeda
0.44,maeda
0.33,maeda
0.44,maeda
0.49,maeda
0.46,Monieer
0.45,maeda
0.44,maeda
0.44,maeda
0.46,maeda
0.47,maeda
0.48,Monieer
0.48,maeda
0.49,maeda
0.43,maeda
0.39,maeda
0.37,maeda
0.35,maeda
0.36,maeda
0.44,maeda
0.41,maeda
0.47,maeda
0.42,maeda
0.41,maeda
0.43,maeda
0.45,maeda
0.45,maeda
0.33,maeda
0.31,maeda
0.27,maeda
0.26,maeda
0.38,maeda
0.35,maeda
0.38,maeda
0.28,maeda
0.27,maeda
0.35,maeda
0.43,maeda
0.36,maeda
0.34,maeda
0.3,maeda
0.46,maeda
0.4,maeda
0.38,maeda
0.4,maeda
0.47,maeda
0.45,maeda
0.43,maeda
0.39,maeda
0.44,maeda
0.45,maeda
0.45,maeda
0.43,maeda
0.35,maeda
0.36,maeda
0.42,maeda
0.38,maeda
0.41,maeda
0.35,maeda
0.39,maeda
0.35,maeda
0.39,maeda
0.39,maeda
0.4,maeda
0.38,maeda
0.41,maeda
0.39,maeda
0.41,maeda
0.39,maeda
0.43,maeda
0.46,maeda
0.44,maeda
0.31,maeda
0.44,maeda
0.43,maeda
0.39,maeda
0.46,maeda
0.42,maeda
0.46,maeda
0.37,maeda
0.35,maeda
0.4,maeda
0.54,maeda
0.47,maeda
0.47,maeda
0.41,maeda
0.45,maeda
0.47,maeda
0.34,maeda
0.46,maeda
0.4,maeda
0.38,maeda
0.47,maeda
0.39,maeda
0.38,maeda
0.42,maeda
0.39,maeda
0.43,maeda
0.42,maeda
0.45,maeda
0.46,maeda
0.39,maeda
0.41,maeda
0.48,maeda
0.49,maeda
0.45,maeda
0.42,maeda
0.47,maeda
0.48,maeda
0.36,maeda
0.32,maeda
0.32,maeda
0.31,maeda
0.26,maeda
0.29,maeda
0.28,maeda
0.28,maeda
0.28,maeda
0.32,maeda
0.33,maeda
0.41,maeda
0.36,maeda
0.36,maeda
0.31,maeda
0.43,maeda
0.34,maeda
0.3,maeda
0.33,maeda
0.33,maeda
0.32,maeda
0.32,maeda
0.36,maeda
