0.54,Hibiki
0.45,Hibiki
0.43,Hibiki
0.46,Hibiki
0.39,Hibiki
0.43,Hibiki
0.33,Hibiki
0.44,Hibiki
0.43,Hibiki
0.4,Hibiki
0.46,Hibiki
0.32,Hibiki
0.39,Hibiki
0.39,Hibiki
0.46,Hibiki
0.48,Hibiki
0.54,maeda
0.35,Hibiki
0.37,Hibiki
0.34,Hibiki
0.34,Hibiki
0.34,Hibiki
0.31,Hibiki
0.32,Hibiki
0.28,Hibiki
0.29,Hibiki
0.32,Hibiki
0.34,Hibiki
0.31,Hibiki
0.43,Hibiki
0.37,Hibiki
0.4,Hibiki
0.35,Hibiki
0.37,Hibiki
0.37,Hibiki
0.51,maeda
0.43,Hibiki
0.42,Hibiki
0.35,Hibiki
0.3,Hibiki
0.36,Hibiki
0.36,Hibiki
0.43,Hibiki
0.34,Hibiki
0.34,Hibiki
0.39,Hibiki
0.36,Hibiki
0.32,Hibiki
0.33,Hibiki
0.31,Hibiki
0.3,Hibiki
0.3,Hibiki
0.38,Hibiki
0.44,Hibiki
0.39,Hibiki
0.47,Hibiki
0.53,Hibiki
0.57,Hibiki
0.55,Hibiki
0.56,Hibiki
0.49,Hibiki
0.54,Hibiki
0.5,Hibiki
0.5,Hibiki
0.52,Hibiki
0.51,Hibiki
0.54,Hibiki
0.55,Hibiki
0.56,Hibiki
0.52,Hibiki
0.43,Hibiki
0.47,Hibiki
0.42,Hibiki
0.36,Hibiki
0.42,Hibiki
0.39,Hibiki
0.48,Hibiki
0.44,Hibiki
0.39,Hibiki
0.45,Hibiki
0.39,Hibiki
0.36,Hibiki
0.38,Hibiki
0.4,Hibiki
0.33,Hibiki
0.31,Hibiki
0.33,Hibiki
0.38,Hibiki
0.33,Hibiki
0.32,Hibiki
0.32,Hibiki
0.32,Hibiki
0.35,Hibiki
0.32,Hibiki
0.37,Hibiki
0.46,maeda
0.6,juan
